,id,repo_id,contributor,contributions
726,,317887,brianchandotcom,317510
8690,,79564911,dkocher,34241
10705,,1614410,michaelni,29364
10700,,36502,gitster,26387
462,,206317,davsclaus,25011
426,,2489216,akozlova,23633
627,,2352744,mmoayyed,21603
727,,317887,ealonso,21415
798,,44662669,serge-rider,18764
10716,,569041,bagder,18539
452,,2493904,markt-asf,18314
427,,2489216,yole,17901
463,,206317,oscerd,17863
428,,2489216,develar,17855
10,,6296790,wilkinsona,17776
429,,2489216,donnerpeter,17318
430,,2489216,cdracm,17170
728,,317887,shuyangzhou,16497
6393,,60377070,baldersheim,16055
11,,6296790,snicoll,14572
291,,49876476,terrymanu,14569
2786,,11981144,danielnaber,14488
729,,317887,liferay-continuous-integration,14125
730,,317887,hhuijser,13417
2787,,11981144,jaumeortola,13274
3753,,1147463,jjallaire,12700
3277,,1625986,lukaseder,12641
3850,,26181278,yoshi-automation,12276
985,,89822531,Anuken,12221
10710,,1903522,dstogov,10760
4102,,1258570,vshcherb,10696
2528,,4992906,adangel,9547
10711,,1903522,nikic,9204
1361,,6650539,tinwelint,9037
292,,49876476,tristaZero,8731
3957,,283211901,yuliskov,8720
10712,,1903522,weltling,8546
3593,,10416648,dghgit,8372
1476,,764708,bstansberry,7968
15,,1148753,jhoeller,7821
2506,,7807399,benfry,7705
3764,,22486533,00-Evan,7625
321,,133134007,wing328,7571
1615,,688352,sebbASF,7560
3754,,1147463,kevinushey,7489
8355,,72889410,billpugh,7428
10726,,36836475,nicm,7340
2529,,4992906,oowekyala,7289
3115,,5663857,jeremylong,7238
3755,,1147463,jmcphers,7152
4103,,1258570,Chumva,7130
2788,,11981144,tiff,7127
10685,,156018,antirez,7037
2801,,3038937,cowtowncoder,6910
1807,,2045207,joakime,6812
3852,,26181278,gcf-owl-bot[bot],6786
3523,,100753606,ConfluentJenkins,6775
3085,,10038467,scottamain,6742
7730,,9342529,mfussenegger,6694
1184,,4038949,tananaev,6623
377,,66023605,scmacdon,6423
12,,6296790,philwebb,6387
10781,,7634677,levitte,6361
7105,,2158982,timowest,6304
6394,,60377070,jonmv,6249
1139,,139914932,geoand,6113
10680,,10744183,ktsaou,6081
3100,,17662022,ManfredKarrer,6068
183,,1103607,kohsuke,6028
736,,206424,jbellis,6026
10706,,1614410,mkver,6012
6395,,60377070,bjorncs,5987
1808,,2045207,gregw,5980
1041,,32895424,renovate-bot,5876
10707,,1614410,richardpl,5804
2816,,40213809,grzesiek2010,5779
3060,,64578459,fishercoder1534,5777
16,,1148753,sbrannen,5758
1867,,34039690,paulk-asert,5748
2243,,49662222,dougxc,5667
3341,,33745913,thomasmueller,5611
10695,,13233158,jp9000,5586
1951,,137013952,gedoor,5538
10708,,1614410,elenril,5535
827,,20089857,saintstack,5525
3559,,69027651,jamorham,5445
349,,20818126,ojw28,5440
3086,,10038467,sganov,5409
188,,2700159,wenshao,5394
1902,,2019791,nvoxland,5329
203,,7613257,shs96c,5326
3594,,10416648,peterdettman,5311
431,,57461213,Adam-,5298
686,,25459400,emeroad,5295
2974,,21180741,jamesagnew,5258
1809,,2045207,sbordet,5250
7348,,19647328,jindrapetrik,5146
2295,,10637896,garydgregory,5140
2034,,60561834,AndyScherzinger,5068
2817,,40213809,seadowg,5024
3087,,10038467,alanv,5021
2789,,11981144,marcoagpinto,4995
10811,,29759715,Cyan4973,4968
7716,,5722043,igr,4954
7470,,32761091,AlmasB,4936
3342,,33745913,katzyn,4924
1616,,688352,pmouawad,4915
2035,,60561834,tobiasKaminsky,4903
3095,,246464565,khanhduytran0,4896
3635,,39555898,sdk-team,4895
10713,,1903522,cmb69,4852
10782,,7634677,snhenson,4844
5860,,15155534,chadlwilson,4801
10714,,1903522,laruence,4783
31,,507775,kimchy,4781
1737,,1222504,julienlancelot,4769
3869,,124230204,graemerocher,4737
1362,,6650539,MishaDemianenko,4690
3756,,1147463,gtritchie,4685
10709,,1614410,DonDiego,4681
17,,1148753,rstoyanchev,4663
8356,,72889410,daveho,4645
6396,,60377070,mpolden,4588
301,,11125589,stianst,4567
2244,,49662222,chumer,4537
2699,,138194433,HaojunRen,4529
2360,,2624521,mbastian,4522
6397,,60377070,arnej27959,4491
7066,,7083240,lvca,4477
7509,,62161750,hneemann,4451
4034,,2067253,leonardehrenfried,4434
10701,,36502,peff,4416
2664,,16977479,dkulp,4394
441,,75277003,ikulikov,4383
10783,,7634677,mattcaswell,4373
2545,,108050,jyemin,4356
1078,,11008076,AngledLuffa,4353
367,,173228436,ryanmkurtz,4282
3088,,10038467,adamp,4260
3884,,671825,dennisoelkers,4248
1363,,6650539,pontusmelke,4244
464,,206317,orpiske,4243
3089,,10038467,deepanshu-,4231
7547,,83530209,mekya,4208
465,,206317,WillemJiang,4150
49,,1064563,trustin,4146
980,,7276954,apc999,4144
2080,,2446718,kay-kim,4125
7275,,6325420,sbrossie,4124
236,,18723836,looly,4123
1364,,6650539,nawroth,4105
1919,,3786237,mdogan,4084
2279,,506175118,FongMi,4081
7067,,7083240,tglman,4043
7110,,104254445,PhilippC,4016
2245,,49662222,zapster,4003
5,,132464395,Snailclimb,3999
8563,,2899580,smcvb,3989
1771,,81226206,ptrthomas,3952
877,,335164964,ziyujiahao,3925
184,,1103607,jglick,3884
1477,,764708,kabir,3873
4082,,341631350,rmuir,3841
3288,,4302287,plutext,3830
3776,,6275822,dreamhead,3822
1530,,2751199,aaime,3781
767,,961036,sebersole,3778
862,,501687,parrt,3774
7046,,7296244,Spasi,3758
4077,,5453324,alexander-doroshko,3734
1758,,3333998,timmolter,3718
10786,,37912398,igorsysoev,3683
4083,,341631350,mikemccand,3657
981,,7276954,calvinjia,3645
878,,335164964,fit2cloud-chenyw,3644
1365,,6650539,systay,3635
1284,,17634071,koppor,3605
6242,,98499283,Col-E,3575
3621,,26921116,haifengl,3572
2790,,11981144,milekpl,3528
2765,,5244445,ByteHamster,3518
3814,,8426406,jamesdbloom,3512
1738,,1222504,simonbrandhof,3503
10746,,102578345,coolsnowwolf,3484
1732,,2928948,azure-sdk,3448
1920,,3786237,pveentjer,3428
4035,,2067253,abyrd,3421
1219,,237867883,liuruibin,3417
10681,,10744183,netdatabot,3404
1478,,764708,pferraro,3402
4036,,2067253,t2gran,3386
1739,,1222504,stas-vilchik,3374
204,,7613257,barancev,3352
1471,,36817565,psiinon,3318
7378,,34685800,nedtwigg,3298
7041,,268006778,MuntashirAkon,3290
2993,,3743376,tdonohue,3280
4105,,1258570,sonora,3247
442,,75277003,ashvayka,3190
8612,,101408117,pshipton,3189
32,,507775,s1monw,3182
33,,507775,martijnvg,3165
326,,5373551,NathanSweet,3156
1472,,36817565,thc202,3152
2665,,16977479,coheigea,3148
1220,,237867883,AgAngle,3142
3467,,5193009,qii,3125
7068,,7083240,andrii0lomakin,3124
3050,,283325,ceki,3121
1835,,31006158,sboikov,3098
104,,75164823,vintagewang,3097
6383,,16378879,danieldietrich,3092
3942,,69400326,JimGalasyn,3032
3692,,15120144,federicoiosue,3014
558,,50904245,kennknowles,2998
3853,,26181278,chingor13,2992
1209,,6207167,mockitoguy,2990
3734,,9759448,rohityadavcloud,2989
3534,,18845024,blickly,2986
311,,45721011,wu-sheng,2986
34,,507775,nik9000,2972
1285,,17634071,Siedlerchr,2971
153,,126178683,ruibaby,2964
3544,,2675355,matozoid,2959
711,,12499251,romani,2939
4917,,156317154,robinshine,2935
737,,206424,driftx,2932
1099,,3301400,LexManos,2928
8707,,54298946,Zelldon,2909
1264,,1381673,mariofusco,2902
982,,7276954,aaudiber,2899
3483,,68675293,jishenghua,2899
8600,,37791069,ex3ndr,2881
932,,49850704,zhou-hao,2875
2246,,49662222,gilles-duboscq,2872
35,,507775,jasontedor,2858
50,,1064563,normanmaurer,2853
559,,50904245,robertwb,2851
7642,,9653752,yanas,2850
3517,,19257422,bluestreak01,2844
3101,,17662022,ripcurlx,2837
2247,,49662222,rschatz,2833
362,,3148979,tekul,2822
302,,11125589,patriot1burke,2818
3662,,27790789,rayokota,2817
392,,7010724,youyong205,2808
6232,,16389681,tomball,2798
2036,,60561834,nextcloud-bot,2754
4056,,745749,cbeust,2723
1265,,1381673,mdproctor,2720
1810,,2045207,janbartel,2719
8564,,2899580,abuijze,2712
5658,,42984727,mallowigi,2665
1921,,3786237,ahmetmircik,2658
1140,,139914932,stuartwdouglas,2611
10717,,569041,yangtse,2587
412,,5349565,electrum,2569
1079,,11008076,manning,2532
1221,,237867883,fit2-zhao,2529
8691,,79564911,ylangisc,2525
1868,,34039690,daniellansun,2522
363,,3148979,rwinch,2510
8558,,203150729,DevCharly,2485
2427,,4238977,dilipkrish,2481
7643,,9653752,damencho,2480
205,,7613257,jimevans,2478
1125,,206483,jvanzyl,2451
3870,,124230204,jameskleeh,2419
2684,,143175496,leijurv,2388
368,,173228436,ghidra1,2381
997,,13404515,brettwooldridge,2380
5795,,16621659,tmontgomery,2374
7069,,7083240,luigidellaquila,2372
1100,,3301400,cpw,2362
7539,,28836678,ashimokawa,2353
768,,961036,gavinking,2353
3859,,612587,MarkEWaite,2351
4106,,1258570,crimean,2348
413,,5349565,dain,2342
69,,20587599,zentol,2338
3187,,2948949,phillipuniverse,2333
453,,2493904,rmaucher,2328
5075,,16446099,overheadhunter,2328
1126,,206483,brettporter,2320
879,,335164964,XiaJunjie2020,2320
8708,,54298946,npepinpe,2303
10702,,36502,dscho,2292
8156,,76177416,lukas-krecan,2287
2828,,18511687,guusdk,2284
983,,7276954,haoyuan,2277
1811,,2045207,lachlan-roberts,2259
7276,,6325420,pierre,2257
5861,,15155534,ketan,2256
1386,,21193524,julianhyde,2234
1142,,139914932,gastaldi,2224
769,,961036,dreab8,2218
4078,,5453324,piotrtomiak,2213
5464,,19777812,seven332,2203
304,,11125589,mposolda,2175
7617,,142456757,Docile-Alligator,2167
1740,,1222504,sns-seb,2142
364,,3148979,jzheaux,2141
2033,,334274271,rjernst,2120
6910,,5453989,jankotek,2102
70,,20587599,tillrohrmann,2098
4084,,341631350,uschindler,2089
7705,,218396611,frankfliu,2087
2370,,21833183,VishalNehra,2082
1733,,2928948,jianghaolu,2073
2507,,7807399,codeanticode,2064
10731,,10446890,bbcallen,2062
7644,,9653752,emcho,2055
8148,,67836637,stevehu,2051
1692,,1962219,aslakhellesoy,2040
1882,,1011539,johanhaleby,2039
3055,,58194180,scholzj,2032
3545,,2675355,ftomassetti,2029
333,,11267509,sjudd,2029
4085,,341631350,markrmiller,2028
721,,5187976,dkayiwa,2025
219,,7508411,benjchristensen,2019
1869,,34039690,melix,2018
350,,20818126,tonihei,2016
1254,,50205233,jpechane,2007
2626,,206387,gtully,2004
8709,,54298946,deepthidevaki,1999
4086,,341631350,yonik,1997
777,,2349728,kevinsawicki,1992
327,,5373551,badlogic,1991
7349,,19647328,honfika,1988
2833,,867564,xian,1978
115,,20300177,cpovirk,1969
274,,919161,cmaglie,1961
3102,,17662022,chimp1984,1959
2039,,4084908,cmelchior,1954
10703,,36502,avar,1945
7270,,9056142,pron,1944
293,,49876476,tuohai666,1933
7056,,24217298,BFH-ktt1,1931
8399,,5797013,kermitt2,1922
2530,,4992906,jsotuyod,1918
5930,,37844001,huanghongxun,1918
10718,,569041,captain-caveman2k,1916
7398,,87859908,shakuzen,1914
1922,,3786237,Donnerbart,1898
1255,,50205233,Naros,1895
10682,,10744183,ilyam8,1891
3447,,77385607,dalaro,1888
10784,,7634677,paulidale,1882
979,,166515022,ebyhr,1882
863,,501687,sharwell,1879
1266,,1381673,etirelli,1874
322,,133134007,fehguy,1873
560,,50904245,lukecwik,1861
880,,335164964,dataeaseShu,1860
842,,19369035,damithc,1858
3757,,1147463,javierluraschi,1854
3804,,68240213,Orbiter,1845
2659,,312830970,648540858,1842
2609,,747512,richhickey,1836
1222,,237867883,shiziyuan9527,1828
8613,,101408117,keithc-ca,1828
8258,,1161862,pniederw,1826
10704,,36502,pclouds,1824
2296,,10637896,remkop,1823
881,,335164964,jinlong-T,1807
3650,,38602457,andimarek,1804
2037,,60561834,alperozturk96,1800
2085,,12983151,cdjackson,1797
1480,,764708,darranl,1764
8754,,88962042,codecholeric,1763
3351,,42032884,misaochan,1762
984,,7276954,yupeng9,1759
3886,,671825,kroepke,1759
71,,20587599,StephanEwen,1757
2151,,2442457,aonishuk,1755
7157,,3407114,dbwiddis,1754
1693,,1962219,mpkorstanje,1747
2906,,1438007,Cervator,1745
21,,22790488,iluwatar,1745
738,,206424,iamaleksey,1734
7260,,869754,zolotov,1732
1741,,1222504,henryju,1731
1747,,6220644,wetneb,1731
10785,,7634677,45264,1713
1870,,34039690,blackdrag,1712
468,,8859474,skylot,1698
351,,20818126,icbaker,1690
4037,,2067253,hannesj,1690
10787,,37912398,mdounin,1687
6851,,1756350,jodastephen,1681
185,,1103607,daniel-beck,1678
10727,,36836475,ThomasAdam,1678
1080,,11008076,J38,1677
2345,,3480666,karussell,1677
2038,,60561834,davivel,1674
1520,,442430,jhy,1663
19,,1148753,poutsma,1663
1351,,221862,rzwitserloot,1654
2141,,1680733,twall,1646
843,,19369035,wkurniawan07,1646
8382,,397334149,vkryl,1642
2406,,7420937,romansmirnov,1641
1223,,237867883,Somebody-JIAN,1640
3452,,377354200,magestacks,1639
2834,,867564,hoisie,1637
3645,,17960746,normen,1637
8543,,306449955,coderbot16,1635
3711,,19730456,Nashatyrev,1633
2947,,1773754,khobbits,1631
8319,,10746583,lemire,1626
485,,206444,ashutoshc,1624
2297,,10637896,rgoers,1623
673,,27729926,ejona86,1622
7115,,195856796,Camotoy,1622
3887,,671825,bernd,1621
5689,,204164353,tchiotludo,1607
6715,,49694044,razerdp,1600
1169,,237940592,click33,1598
294,,49876476,cherrylzhao,1598
4197,,95203155,rememberber,1592
206,,7613257,titusfortner,1592
2694,,2544305,tomakehurst,1590
2290,,27954927,ben-manes,1585
3141,,30860673,Vlatombe,1583
7731,,9342529,seut,1580
663,,14734876,agibsonccc,1576
10751,,2810292,pbatard,1575
378,,66023605,Doug-AWS,1574
8288,,48880766,lwhite1,1571
352,,20818126,andrewlewis,1565
8622,,10437688,peter-lawrey,1564
1855,,90675730,k8s-ci-robot,1563
3343,,33745913,grandinj,1563
7261,,869754,ignatov,1562
837,,73963835,spencergibb,1562
407,,15823460,mrniko,1559
432,,57461213,deathbeam,1558
3888,,671825,linuspahl,1555
1115,,27911088,markap14,1555
3272,,83799439,mikejurka,1552
2932,,4134560,jfinal,1550
793,,1272129,codahale,1549
10796,,14812739,bnoordhuis,1546
137,,53127403,nobodyiam,1544
13,,6296790,mbhave,1538
1557,,15040596,jon-signal,1538
2666,,16977479,reta,1536
2766,,5244445,danieloeh,1535
14,,6296790,mhalbritter,1531
8414,,11233996,elucash,1531
706,,6358188,gianm,1526
1871,,34039690,eric-milles,1525
3255,,184604,yusuke,1523
722,,5187976,wluyima,1521
2407,,7420937,meyerdan,1517
2627,,206387,chirino,1510
8525,,13062062,torakiki,1509
163,,19148949,PhilJay,1504
1067,,54783462,daniulive,1502
2896,,1944709,wumpz,1498
7580,,174260605,gnu-andrew,1483
1443,,50160261,aikar,1474
872,,99919302,morningman,1472
756,,3766706,iBotPeaches,1464
207,,7613257,jleyba,1464
186,,1103607,oleg-nenashev,1459
3302,,45903621,simonbasle,1458
220,,7508411,akarnokd,1457
365,,3148979,marcusdacoregio,1457
10771,,2810455,ggreer,1449
1127,,206483,bentmann,1447
1081,,11008076,gangeli,1442
2152,,2442457,hiveww,1437
542,,65987043,miemieYaho,1436
3390,,20570214,tholenst,1432
4180,,8710734,costin,1428
947,,77993578,LuckSiege,1425
3273,,83799439,alexchau-google,1424
3391,,20570214,juergw,1423
3322,,19836746,doneill,1414
2253,,48418599,vishwasbabu,1413
2907,,1438007,immortius,1410
443,,75277003,vvlladd28,1402
2346,,3480666,easbar,1402
0,,9754983,lor6,1401
561,,50904245,aaltay,1395
828,,20089857,Apache9,1395
2371,,21833183,EmmanuelMess,1392
10719,,569041,dfandrich,1392
606,,20773773,lberki,1384
279,,5793738,jbarrez,1382
844,,19369035,kanghj,1381
3735,,9759448,bfederle,1379
444,,75277003,volodymyr-babak,1377
607,,20773773,katre,1377
1836,,31006158,akuznetsov-gridgain,1370
8047,,101451042,gsantner,1369
1587,,49030451,GcsSloop,1369
3646,,17960746,shadowislord,1367
2994,,3743376,mwoodiupui,1360
2301,,1450115,slandelle,1356
3871,,124230204,micronaut-build,1355
8692,,79564911,AliveDevil,1354
2086,,12983151,teichsta,1350
543,,65987043,qmdx,1350
799,,44662669,LonwoLonwo,1347
241,,146633589,hengyunabc,1345
3461,,9504214,andrewjcg,1342
3110,,19961085,Jackie-Jiang,1338
794,,1272129,joschi,1335
3535,,18845024,lauraharker,1331
130,,64558143,Blankj,1328
687,,25459400,microwave,1325
1,,9754983,johnA1331,1318
3528,,50842053,zhanghai,1318
387,,149121954,jonathan-gibbons,1316
8744,,130612700,Querz,1310
608,,20773773,janakdr,1301
1024,,46398090,theseyi,1298
414,,5349565,martint,1297
562,,50904245,tgroh,1295
1046,,32848140,Leemoonsoo,1288
7487,,7481569,vladak,1288
1286,,17634071,tobiasdiez,1280
5076,,16446099,infeo,1276
812,,594155488,Frooodle,1274
1734,,2928948,alzimmermsft,1273
305,,11125589,edewit,1272
5797,,16621659,vyazelenko,1266
3448,,77385607,mbroecheler,1254
7399,,87859908,jonatan-ivanov,1249
5863,,15155534,GaneshSPatil,1247
3546,,2675355,jlerbsc,1241
7960,,172680589,zhkl0228,1240
2408,,7420937,zeropaper,1240
280,,5793738,tijsrademakers,1239
770,,961036,beikov,1237
591,,14135470,HeartSaVioR,1236
54,,159152904,zhangdaiscott,1229
295,,49876476,strongduanmu,1223
609,,20773773,cushon,1222
154,,126178683,JohnNiang,1221
246,,69953445,shuzheng,1218
369,,173228436,dragonmacher,1217
2667,,16977479,sberyozkin,1214
2628,,206387,rajdavies,1211
3651,,38602457,bbakerman,1207
6233,,16389681,kstanger,1207
712,,12499251,oburn,1206
1239,,8121707,jeffgbutler,1202
3188,,2948949,ckittrell,1201
445,,75277003,ViacheslavKlimov,1200
10812,,29759715,terrelln,1199
2546,,108050,rozza,1198
707,,6358188,xvrl,1198
800,,44662669,ShadelessFox,1195
708,,6358188,fjy,1194
8513,,17089728,Nutomic,1186
565,,73614722,CarGuo,1185
610,,20773773,ulfjack,1184
1763,,8957264,msmith-techempower,1175
7686,,1968850,angryziber,1175
1473,,36817565,kingthorin,1174
2302,,1450115,jfarcand,1170
3274,,83799439,vinitnayak7,1165
688,,25459400,koo-taejin,1164
80,,8205602,hazendaz,1164
1256,,50205233,gunnarmorling,1162
7540,,28836678,cpfeiffer,1156
7646,,9653752,ibauersachs,1153
8614,,101408117,DanHeidinga,1152
845,,19369035,LowWeiLin,1152
3736,,9759448,alena11081,1149
3914,,88024517,areyouok,1148
388,,149121954,prrace,1147
389,,149121954,jddarcy,1146
3344,,33745913,andreitokar,1146
5211,,1051476,arnaudroques,1145
1160,,70780002,filiphr,1144
7732,,9342529,msbt,1143
1025,,46398090,hsheth2,1140
2818,,40213809,lognaturel,1136
2629,,206387,dejanb,1135
3647,,17960746,Nehon,1132
751,,62117812,merlimat,1132
2105,,127906883,lijiangbo,1130
1428,,20324739,knightliao,1127
26,,4710920,chickenlj,1127
1287,,17634071,stefan-kolb,1124
390,,149121954,shipilev,1122
2767,,5244445,mfietz,1122
3312,,930571,mswiderski,1120
7057,,24217298,MarcinOrlowski,1118
1433,,300506962,tarunsinghofficial,1116
739,,206424,krummas,1116
1267,,1381673,ge0ffrey,1115
454,,2493904,fhanik,1115
2998,,191744942,shifujun,1115
1288,,17634071,simonharrer,1115
7070,,7083240,wolf4ood,1113
2409,,7420937,menski,1112
3524,,100753606,ConfluentSemaphore,1111
391,,149121954,coleenp,1111
2760,,115411826,sean-liu55,1110
937,,41889031,TobiGr,1109
27,,4710920,AlbumenJ,1105
3142,,30860673,carlossg,1105
275,,919161,damellis,1099
2761,,115411826,xxo1shine,1097
2410,,7420937,tasso94,1095
8759,,105117953,yangchong211,1092
72,,20587599,aljoscha,1091
938,,41889031,Stypox,1090
2090,,19082715,mar-v-in,1086
3441,,160779969,junixapp,1082
534,,85371262,williamfiset,1079
1993,,7905539,koral--,1076
1735,,2928948,anuchandy,1072
2171,,656227652,shanhexi,1070
1514,,2003641,frantuma,1064
3442,,198368711,peacewong,1063
7809,,323996203,AriaMoradi,1063
328,,5373551,xoppa,1060
4108,,30561160,osheroff,1059
3944,,69400326,big-andy-coates,1057
2207,,33816473,rnorth,1056
2630,,206387,jbonofre,1055
2597,,38829639,fusesource-ci,1054
771,,961036,Sanne,1054
2153,,2442457,aBabiichuk,1053
3872,,124230204,sdelamo,1049
7230,,8161461,ikarus23,1049
5864,,15155534,marques-work,1039
678,,3695744,commonsguy,1038
939,,41889031,theScrabi,1036
2254,,48418599,keithwoodlock,1034
1903,,2019791,wwillard7800,1033
3346,,247659028,KFCFans,1031
415,,5349565,cberner,1031
95,,561730219,krahets,1031
3103,,17662022,ghubstan,1031
7400,,87859908,izeye,1030
7637,,381857226,timotheeguerin,1030
691,,31533997,oprisnik,1026
120,,47023603,xuxueli,1019
907,,22254856,joshiste,1018
3189,,2948949,jfleschler,1017
1444,,50160261,Machine-Maker,1016
3462,,9504214,cjhopman,1013
10683,,10744183,Ferroin,1012
81,,8205602,emacarron,1011
713,,12499251,rnveach,1011
3712,,19730456,romanman,1008
486,,206444,sershe-apache,1007
3536,,18845024,dimvar,998
1660,,4787136,ewpatton,995
7733,,9342529,matriv,993
7760,,453313251,cinit,992
1912,,87683712,zq2599,992
379,,66023605,brmur,992
3573,,4950187,marchof,991
4188,,17488986,spyhunter99,991
2156,,117774290,zuihou,982
689,,25459400,jaehong-kim,981
73,,20587599,twalthr,980
2,,9754983,kwoyke,978
1128,,206483,jdcasey,977
3537,,18845024,concavelenz,977
5440,,65757761,alexbakker,977
2298,,10637896,jvz,975
2975,,21180741,tadgh,975
2399,,5537121,koush,972
829,,20089857,apurtell,972
2768,,5244445,TomHennen,971
1748,,6220644,tfmorris,969
338,,2862290,nostra13,965
1605,,12035487,ctiao,965
2186,,10873724,joelittlejohn,964
1636,,317888,petershin,963
8357,,72889410,iloveeclipse,958
8615,,101408117,gacholio,957
74,,206462776,GrowingGit,955
690,,25459400,denzelsN,945
366,,3148979,sjohnr,943
2995,,3743376,mdiggory,940
1007,,3523632,calvin1978,939
1116,,27911088,exceptionfactory,938
3195,,17359057,Randgalt,938
2220,,91065402,Justson,936
6317,,23439463,jbachorik,932
7514,,47880207,MinnDevelopment,929
574,,9623064,code4craft,928
2040,,4084908,beeender,928
8463,,32675488,luccioman,925
3538,,18845024,nreid260,925
353,,20818126,marcbaechinger,923
5305,,337054443,xC3FFF0E,921
3640,,49820627,msand,920
1274,,14514251,schildbach,919
1268,,1381673,michaelneale,918
2948,,1773754,snowleo,917
723,,5187976,rkorytkowski,912
1837,,31006158,agoncharuk,912
544,,65987043,nieqiurong,908
261,,126365965,linlinjava,906
1109,,88970564,cgspine,905
2372,,21833183,TranceLove,903
5916,,23206290,graememorgan,903
592,,14135470,ptgoetz,902
3096,,246464565,Mathias-Boulay,901
4080,,5453324,anstarovoyt,899
2280,,506175118,okcaptain,898
3507,,25688387,qq254963746,896
1047,,32848140,zjffdu,896
20,,127988011,macrozheng,895
3463,,9504214,jkeljo,894
4038,,2067253,optionsome,893
3464,,9504214,ttsugriy,892
1082,,11008076,rayder441,890
2154,,2442457,swagle,888
3465,,9504214,bobyangyf,886
8645,,196475719,bnasslahsen,885
2829,,18511687,akrherz,885
864,,501687,ericvergnaud,882
2018,,402945349,EsoragotoSpirit,881
846,,19369035,franklingu,881
3554,,25201361,Konloch,880
3148,,865412,manolama,880
4081,,5453324,segrey,879
1163,,320785435,yujincheng08,879
2776,,45096760,michaelwittig,876
2762,,115411826,CodeNinjaEvan,874
8616,,101408117,fjeremic,874
312,,45721011,peng-yongsheng,874
393,,7010724,jialinsun,873
82,,8205602,harawata,870
7710,,59032201,DaveyBiggers,868
2763,,115411826,zhaohong,863
3159,,206370,sebastian-nagel,863
1838,,31006158,nva,863
2361,,2624521,eduramiba,863
2249,,206459,cutting,862
2274,,89322848,paynie,861
1117,,27911088,mcgilman,858
7992,,445585860,yanhom1314,855
2019,,402945349,amber-create,854
1736,,2928948,stankovski,853
380,,66023605,jschwarzwalder,852
2299,,10637896,ppkarwasz,851
1396,,1089149,fmbenhassine,849
1445,,50160261,md-5,848
2908,,1438007,begla,845
2764,,115411826,Yrp,842
433,,57461213,abextm,839
10696,,13233158,jpark37,838
1750,,6220644,dfhuynh,838
901,,4576305,adriancole,838
3323,,19836746,TADraeseke,837
231,,120395176,zhuangjiaju,836
3547,,2675355,MysterAitch,836
10813,,29759715,inikep,830
3275,,83799439,sfufagoogle,829
8601,,37791069,rockjam,829
3677,,56284158,nayuki,828
373,,332357698,xingyuv,828
3605,,375260798,aiwenmo,827
10720,,569041,vszakats,825
2598,,38829639,manusa,824
3111,,19961085,xiangfu0,821
3737,,9759448,DaanHoogland,817
1275,,14514251,msgilligan,816
168,,23418517,aajisaka,816
7975,,96312832,flocke,813
2087,,12983151,kaikreuzer,811
2041,,4084908,emanuelez,811
3276,,83799439,stevenckngaa,809
370,,173228436,nsadeveloper789,809
3839,,367217461,chopper711,809
4014,,15771504,guoguibing,807
1531,,2751199,jodygarnett,806
7548,,83530209,burak-58,806
3738,,9759448,anthonyxu,803
724,,5187976,djazayeri,802
1304,,129332826,frank-lam,801
6513,,455584258,tomsun28,800
381,,66023605,Laren-AWS,798
3713,,19730456,mkalinin,798
10690,,246335987,ventoy,797
1637,,317888,shinnlok,797
3097,,246464565,artdeell,797
2106,,127906883,kanata163,796
830,,20089857,tedyu,795
495,,8575137,JakeWharton,795
1764,,8957264,hamiltont,795
4148,,158975124,HTHou,792
2259,,25114751,lecho,792
10756,,6201092,kasper93,791
10721,,541269386,ggerganov,788
3449,,77385607,okram,782
1381,,3116751,pyricau,782
158,,2562751,srowen,780
3648,,17960746,stephengold,780
10766,,20159867,nothings,779
3415,,37173512,hellokaton,776
10757,,6201092,Dudemanguy,773
3392,,20570214,thaidn,771
8208,,14281190,nitsanw,771
2819,,40213809,yanokwa,771
3104,,17662022,sqrrm,767
169,,23418517,szetszwo,766
170,,23418517,vinoduec,763
1839,,31006158,ptupitsyn,761
1501,,48427914,Jacksgong,761
7075,,237553513,jellysquid3,757
2836,,867564,jongerrish,757
4176,,5103785,fl4via,756
1532,,2751199,tbarsballe,756
434,,57461213,Nightfirecat,755
3682,,46977130,galenlin,755
2155,,2442457,sumitmohanty,754
2568,,29102367,sormuras,754
3352,,42032884,translatewiki,754
6158,,2923236,havocp,749
7541,,28836678,joserebelo,749
2685,,143175496,ZeroMemes,747
2976,,21180741,fil512,747
1765,,8957264,pfalls-techempower,744
394,,7010724,qmwu2000,741
4062,,32567673,Sayi,740
8400,,5797013,lfoppiano,740
1887,,161292091,Yves0,740
2142,,1680733,matthiasblaesing,739
7418,,15958676,CalebFenton,738
2996,,3743376,Micheleboychuk,738
3190,,2948949,riteshadhikari17,734
1276,,14514251,mikehearn,734
2024,,12019742,katzer,733
1983,,167204613,andsel,732
171,,23418517,arp7,731
2373,,21833183,arpitkh96,731
7515,,47880207,DV8FromTheWorld,731
752,,62117812,lhotari,730
7135,,14640193,SecUpwN,730
329,,5373551,MobiDevelop,726
3056,,58194180,ppatierno,725
10758,,6201092,haasn,721
873,,99919302,Gabriel39,720
3,,9754983,edizor,719
125,,110211147,xkcoding,717
6977,,19748251,jhauswald,715
714,,12499251,mkordas,713
3945,,69400326,agavra,712
224,,7587038,agapple,711
4168,,188779637,wolfboys,711
1418,,291570,lprimak,711
10814,,29759715,felixhandte,709
6760,,39673913,coobird,707
1558,,15040596,eager-signal,707
1129,,206483,hboutemy,705
1618,,688352,milamberspace,705
4057,,745749,krmahadevan,704
2020,,402945349,evelynzhaojie,698
10797,,14812739,piscisaureus,695
3574,,4950187,Godin,694
172,,23418517,steveloughran,694
2886,,89986770,Javen205,692
7600,,38279457,jhalterman,691
1352,,221862,rspilker,690
3381,,49610798,rubenlagus,689
2741,,20675636,julienledem,688
874,,99919302,BiteTheDDDDt,686
10791,,394318710,valinet,685
715,,12499251,lkuehne,684
8415,,11233996,asereda-gs,684
1562,,158256479,rdblue,683
6940,,164397881,xuexiangjys,682
2997,,3743376,Raf-atmire,682
2500,,53991171,roughike,678
64,,2211243,ijuma,678
330,,5373551,Tom-Ski,677
2668,,16977479,ffang,673
8358,,72889410,KengoTODA,673
8623,,10437688,lburgazzoli,672
371,,173228436,caheckman,671
85,,137451403,nkorange,671
2909,,1438007,msteiger,669
547,,32538871,inder123,668
287,,149001365,YangFong,667
269,,114523184,crossoverJie,666
1661,,4787136,jisqyv,665
10806,,11715753,robertdavidgraham,664
8332,,146285827,tomas-langer,663
787,,13421878,ddiroma,660
1638,,317888,adolfopa,660
6123,,81467673,rom1v,659
2912,,9749905,sothawo,659
1382,,3116751,WonderCsabo,659
7581,,174260605,sundararajana,658
116,,20300177,kluever,658
2356,,206378,britter,656
2910,,1438007,keturn,656
2846,,2828194,nicolasgramlich,656
86,,137451403,KomachiSion,655
1401,,75882172,apanicker-nflx,654
7607,,212488700,harshbafna,654
2021,,402945349,hellolilyliuyi,652
65,,2211243,hachikuji,652
416,,5349565,findepi,652
3636,,39555898,Qingtang-SDK,651
5690,,204164353,loicmathieu,651
2347,,3480666,michaz,649
753,,62117812,rdhabalia,649
3721,,24782902,tux-mind,649
10759,,6201092,pigoz,648
2173,,656227652,JerryFan626,647
8514,,17089728,imsodin,647
709,,6358188,clintropolis,645
875,,99919302,morrySnow,645
8289,,48880766,benmccann,643
7608,,212488700,lxning,643
10788,,37912398,mdocguard,642
2830,,18511687,jadestorm,639
2600,,38829639,iocanel,638
628,,2352744,leleuj,636
658,,27519800,magicdoom,636
3393,,20570214,morambro,634
1446,,50160261,electronicboy,634
3267,,10230369,eamonnmcmanus,633
38,,151834062,yanglbme,633
2121,,174291606,zlt2000,633
6622,,29782400,h6ah4i,629
395,,7010724,leonindy,629
3191,,2948949,bpolster,628
674,,27729926,carl-mastrangelo,627
1943,,203183673,zhaojun1998,626
1002,,140543886,yu199195,626
1888,,161292091,gryamy,623
6660,,277485800,Elijas,623
1639,,317888,johnnyhowey,622
8337,,77675033,yidongnan,620
7734,,9342529,chaudum,619
4959,,231921809,rishabhpoddar,618
1062,,168500397,zhangyd-c,616
2022,,402945349,sduzh,615
8424,,51078408,dariuszseweryn,614
487,,206444,prasanthj,613
1397,,1089149,mminella,610
10697,,13233158,derrod,610
1189,,1187853,stleary,609
3672,,21052744,vpavic,607
653,,715605,sazzad16,601
553,,174765647,heibaiying,600
1210,,6207167,bric3,599
7393,,2629978,chewiebug,597
2081,,2446718,jeff-allen-mongo,596
4149,,158975124,JackieTien97,595
7116,,195856796,Redned235,595
716,,44804216,agnostic-apollo,595
7318,,426287111,wunanraq,594
4150,,158975124,qiaojialin,593
3117,,5663857,aikebah,592
1161,,70780002,dbmalkovsky,589
1767,,8957264,joanhey,585
885,,20651672,abel533,585
3656,,4449830,sarxos,585
2601,,38829639,rohanKanojia,582
948,,77993578,luck1991,582
817,,67481986,tys282000,580
1118,,27911088,joewitt,580
3394,,20570214,ise-crypto,579
1596,,52344952,YoKeyword,578
3317,,12984746,gabrielemariotti,578
675,,27729926,dapengzhang0,578
4137,,20473418,jtaylor-sfdc,577
4922,,311241324,xiaojieonly,577
8333,,146285827,barchetta,576
2508,,7807399,Manindra29,575
10789,,37912398,pluknet,573
3112,,19961085,jfim,572
7488,,7481569,tarzanek,571
8042,,78223894,cyian-1756,571
8259,,1161862,leonard84,568
457,,93152223,scwang90,567
7362,,656264456,langchain4j,567
4058,,745749,juherr,564
927,,75643096,dsn5ft,563
1185,,4038949,Abyss777,562
10684,,10744183,paulfantom,561
801,,44662669,E1izabeth,561
10790,,37912398,arut,560
2042,,4084908,kneth,560
3819,,887840,jackpal,560
10686,,156018,oranagra,560
1257,,50205233,debezium-builder,559
488,,206444,hagleitn,559
2136,,889932,kullfar,555
4158,,9221361,berndruecker,555
7549,,83530209,davutcavdar,552
7489,,7481569,idodeclare,550
2256,,48418599,johnw65,550
3356,,51646530,Vedenin,549
1447,,50160261,kennytv,549
489,,206444,jcamachor,546
10736,,5101141,nicowilliams,545
397,,70198875,gpeal,543
1759,,3333998,badgerwithagun,540
6998,,46251204,ikhoon,539
83,,8205602,kazuki43zoo,539
1889,,161292091,kaedea,539
473,,6766558,mattrjacobs,538
2837,,867564,erd,537
4153,,76325615,huangminlinux,537
3113,,19961085,apucher,537
2174,,656227652,chat2db-jerry,536
51,,1064563,Scottmitch,536
6493,,32834215,sockeqwe,536
66,,2211243,mjsax,535
1258,,50205233,roldanbob,535
6292,,204388092,lltx,535
3606,,375260798,Zzm0809,534
10747,,102578345,aiamadeus,534
2674,,118497841,chanseokoh,534
2003,,99412308,garyelephant,533
648,,98103322,zhoutaoo,532
2191,,8877512,nhaarman,531
5995,,83506511,n8fr8,531
7583,,174260605,AlekseiEfimov,531
3793,,78756870,ximsfei,528
2043,,4084908,realm-ci,527
2588,,110315174,xlorne,526
7550,,83530209,SelimEmre,522
3641,,49820627,magicismight,519
2392,,1705960,perwendel,517
8182,,116309308,rtannenbaum,517
8566,,2899580,m1l4n54v1c,516
2239,,218689982,KunMinX,516
1026,,46398090,mars-lan,514
3993,,87874521,Doikki,514
5931,,37844001,Glavo,514
1162,,70780002,yvoswillens,513
848,,42304749,haocao,513
8309,,63081349,andreasrosdal,511
10815,,29759715,senhuang42,511
10687,,156018,pietern,510
276,,919161,facchinm,509
1174,,481412,marci4,509
105,,75164823,YangJodie,509
117,,20300177,cgdecker,508
10698,,13233158,PatTheMav,507
717,,44804216,fornwall,507
3840,,367217461,LeiGaoRobot,507
110,,391055597,kunal-kushwaha,505
500,,173335706,break60,504
7367,,178835117,sunbeams001,504
10699,,13233158,palana,502
2485,,3911317,rovo89,502
1533,,2751199,NielsCharlier,500
8549,,1370858,triceo,500
7609,,212488700,msaroufim,498
2509,,7807399,JakubValtar,497
10748,,102578345,Beginner-Go,496
876,,99919302,HappenLee,496
795,,1272129,arteam,495
7584,,174260605,ChrisHegarty,495
8192,,11140459,johncarl81,495
2181,,12414592,arun-gupta,494
754,,62117812,sijie,494
7368,,178835117,CeuiLiSA,493
7558,,12488647,eirslett,493
2669,,29946464,cymcsg,492
545,,65987043,Caratacus,491
2215,,1287669,kallestenflo,490
596,,2108481,dsyer,489
696,,5198041,qiangdavidliu,488
1760,,3333998,makarid,487
1057,,166181797,vinsonswang,487
2538,,60145667,HotBitmapGG,487
67,,2211243,guozhangwang,487
3057,,58194180,PaulRMellor,485
313,,45721011,kezhenxu94,484
1027,,46398090,jjoyce0510,482
710,,6358188,cheddar,482
138,,53127403,lepdou,481
7552,,96896313,ThirtyDegreesRay,480
2131,,67328052,conor10,480
2561,,30129939,peterbacklund,479
8624,,10437688,JerryShea,477
173,,163387337,slievrly,477
7401,,87859908,jkschneider,476
1143,,98801926,thombergs,475
2854,,49219232,dnldsht,474
581,,1388245,smarek,474
467,,66179765,dyc87112,473
2547,,108050,erh,473
3114,,19961085,brandtg,472
6999,,46251204,minwoox,472
1413,,5683140,ansjsun,472
3560,,69027651,tzachi-dar,472
2855,,49219232,gilnd,471
3451,,77385607,porunov,471
1984,,167204613,heavyrain2012,469
2004,,99412308,RickyHuo,469
194,,112785414,fangjian0423,469
7542,,28836678,danielegobbetti,467
8236,,11543691,luontola,467
155,,126178683,guqing,465
2820,,40213809,mitchellsundt,465
10760,,6201092,Akemi,462
5740,,44109745,borisf,461
3206,,43243303,saghul,461
3714,,19730456,zilm13,461
2082,,2446718,andf-mongodb,460
796,,1272129,jplock,458
2005,,99412308,Hisoka-X,456
1564,,158256479,aokolnychyi,455
2336,,18993814,saudet,453
8553,,272493701,rbmonster,452
4181,,8710734,jbaiera,451
741,,19753195,lolodomo,448
8334,,146285827,spericas,447
1028,,46398090,anshbansal,447
519,,108252892,monkeyWie,445
3058,,58194180,tombentley,444
1119,,27911088,mattyb149,444
2234,,50372538,ToddKopriva,444
5441,,65757761,michaelschattgen,442
6384,,16378879,ruslansennov,442
3909,,20415251,KostyaSha,442
323,,133134007,xhh,441
3303,,45903621,chemicL,439
3649,,17960746,pspeed42,439
6578,,41115262,vRallev,439
1535,,37333214,naman14,438
2306,,6271421,davidzchen,437
4151,,158975124,Beyyes,436
1211,,6207167,continuous-delivery-drone,431
746,,927454,michaelklishin,431
514,,482520194,KingRainbow44,431
8338,,77675033,ST-DDT,429
2428,,4238977,adrianbk,429
7700,,59838788,baev,428
831,,20089857,enis,428
7277,,6325420,killbillio,428
676,,27729926,zhangkun83,426
2864,,425205324,ZhongFuCheng3y,425
2675,,118497841,coollog,425
7490,,7481569,tulinkry,425
3353,,42032884,neslihanturan,423
616,,5901900,mikeb01,423
2897,,1944709,manticore-projects,423
256,,160999,phunt,422
3652,,38602457,dondonz,422
1534,,2751199,dromagnoli,421
10776,,18666758,pjreddie,419
4004,,76400426,wind57,419
4,,9754983,rcalago,418
6661,,277485800,pospielov,418
8097,,679601811,superhx,417
225,,7587038,rewerma,417
3595,,10416648,mwcw,417
986,,89822531,Quezler,416
4138,,20473418,JamesRTaylor,413
755,,62117812,srkukarni,412
5691,,204164353,Skraye,412
22,,22790488,allcontributors[bot],412
4142,,223748401,HmhWz,412
8550,,1370858,rsynek,409
6884,,97580115,natario1,409
3080,,6905493,rkistner,409
2831,,18511687,GregDThomas,408
940,,41889031,weblate,407
2257,,48418599,vorburger,407
3059,,58194180,im-konge,406
2510,,7807399,REAS,406
7319,,426287111,liwe1980,405
1309,,20873044,holdenk,405
8578,,4166277,aragozin,405
1565,,158256479,Fokko,405
7721,,24650146,drinckes,405
7706,,218396611,stu1130,404
5692,,204164353,brian-mulier-p,404
2075,,113922675,mwunderl,403
1327,,76474200,nsivabalan,402
8128,,102137661,msridhar,402
928,,75643096,pekingme,400
593,,14135470,srdo,398
2107,,127906883,lvyanquan,398
2676,,118497841,TadCordle,397
3715,,19730456,nicksavers,397
6234,,16389681,antonio-cortes-perez,397
490,,5070389,greenrobot,395
3313,,930571,krisv,394
6852,,1756350,broneill,394
7841,,526622481,linhaojun857,394
209,,128018428,sczyh30,394
7638,,381857226,nguerrera,393
1620,,31272860,vietj,393
2832,,18511687,dwd,393
5932,,37844001,yushijinhun,393
3722,,24782902,evilsocket,392
3894,,1215215,Dinnerbone,392
1328,,76474200,danny0405,391
455,,2493904,violetagg,391
895,,144705602,yixiangboy,391
941,,41889031,litetex,390
637,,163721192,zhisheng17,390
8391,,76670734,sherxon,389
1329,,76474200,yihua,388
7167,,28752850,wdullaer,387
7320,,426287111,RQWangXiaoJun,387
1566,,158256479,nastra,386
7491,,7481569,ahornace,386
281,,5793738,frederikheremans,384
1474,,36817565,cosminstefanxp,383
2307,,6271421,rbpark,383
7707,,218396611,zachgk,383
1761,,3333998,earce,383
251,,161757837,elunez,383
3354,,42032884,yuvipanda,381
4152,,158975124,MyXOF,381
68,,2211243,cmccabe,380
1387,,21193524,vlsi,380
4189,,17488986,monsieurtanuki,378
8028,,176555805,shuzijun,378
929,,75643096,ymarian,378
3278,,1625986,knutwannheden,378
374,,332357698,cherishsince,378
3045,,248416273,ZQKC,377
778,,2349728,Meisolsson,377
1988,,56679521,rayzhang0603,377
1376,,4368712,pavelbucek,376
2540,,1872106,ctomc,375
8632,,153417149,java-aodeng,373
3443,,198368711,casionone,372
7711,,59032201,AndKram,369
8335,,146285827,tjquinno,369
3518,,19257422,ideoma,368
677,,27729926,voidzcy,368
7543,,28836678,yarons,368
3564,,34290135,BruceEckel,366
2452,,44050066,simpleton,366
501,,173335706,ruanwenjun,365
3936,,33565372,davewichers,365
1655,,26363421,ksoichiro,363
865,,501687,mike-lischke,363
742,,19753195,jlaur,363
1621,,31272860,cescoffier,363
838,,73963835,spring-builds,362
4144,,223748401,demonray,362
3664,,27790789,joel-hamill,361
1905,,2019791,filipelautert,360
4159,,9221361,falko,360
10688,,156018,enjoy-binbin,359
7240,,69588338,tonikelope,359
788,,13421878,mdamour1976,358
2088,,12983151,watou,358
7551,,83530209,mondain,356
1857,,90675730,yue9944882,356
802,,44662669,Destrolaric,356
1559,,15040596,moxie0,355
375,,332357698,yangzongzhuan,355
502,,173335706,lenboo,354
1356,,8759133,kerumai,354
3561,,69027651,StephenBlackWasAlreadyTaken,353
987,,89822531,Epowerj,353
314,,45721011,ascrutae,352
1872,,64817102,smuyyh,351
2083,,2446718,schmalliso,351
1377,,4368712,japod,350
288,,149001365,zhaocchen,350
2311,,8305132,sinyu890807,348
1383,,3116751,dodgex,348
617,,5901900,mjpt777,347
8162,,86439045,zhpanvip,345
1858,,90675730,brendandburns,345
8640,,403634780,javahuang,345
2161,,20275545,sameb,343
6243,,98499283,xxDark,343
2949,,1773754,ElgarL,342
757,,3766706,broo2s,342
3675,,21052744,eleftherias,342
4028,,7694208,lucasr,341
277,,919161,tigoe,341
8043,,78223894,4pr0n,341
2999,,191744942,guok2046,341
548,,32538871,swankjesse,340
2209,,33816473,bsideup,340
3910,,20415251,marcuslinke,339
2610,,747512,puredanger,339
503,,173335706,qiaozhanwei,338
3532,,2752522,ianturton,338
2070,,65120941,Zhiyuan-Amos,338
282,,5793738,salaboy,337
2548,,108050,trnl,336
2589,,110315174,ujued,336
87,,137451403,chuntaojun,336
324,,133134007,jimschubert,335
3019,,5417266,amlcurran,334
6235,,16389681,albertomisail,334
3958,,283211901,mpama2016,334
118,,20300177,lowasser,333
659,,27519800,junwen12221,333
1788,,53330030,zemian,333
2285,,7575297,zhangkaitao,333
3361,,131364545,huayanYu,332
2084,,2446718,i80and,332
3919,,178978233,sanshengshui,332
164,,19148949,danielgindi,331
8183,,116309308,seehamrun,330
148,,23063531,chanjarster,330
10737,,5101141,stedolan,329
1084,,113983289,gitchenjh,329
7856,,54057611,EricKuck,327
789,,13421878,mkambol,326
930,,75643096,leticiarossi,326
7761,,453313251,keta1,326
3519,,19257422,puzpuzpuz,325
1929,,250512612,javamxd,324
1998,,14545717,phishman3579,324
4139,,20473418,stoty,323
2541,,1872106,pmuir,323
7106,,2158982,Shredder121,323
1384,,3116751,yDelouis,323
2175,,656227652,robinji0,323
790,,13421878,rmansoor,322
1518,,171409385,giaunv,322
782,,28550872,xiaosong520,321
1042,,32895424,tswast,321
6662,,277485800,daffy-,320
1610,,32313383,pxb1988,320
6523,,188806350,ekoutanov,319
5077,,16446099,tobihagemann,319
2542,,1872106,sgilda,319
1768,,339307454,jiayaoO3O,318
743,,19753195,wborn,314
692,,31533997,defHLT,313
7136,,14640193,larsgrefer,311
988,,89822531,MEEPofFaith,311
8625,,10437688,epickrram,311
7278,,6325420,reshmabidikar,310
2593,,21758436,hujunxianligong,310
8769,,390607649,SkyeBeFreeman,310
2560,,62659210,liuyubobobo,309
3665,,27790789,ewencp,309
791,,13421878,peterrinehart,308
8454,,177373545,Cryolitia,307
7107,,2158982,johnktims,307
8551,,1370858,yurloc,307
2543,,1872106,emmartins,306
8107,,43158694,kramasamy,306
2362,,2624521,FluffyPanda69,306
7831,,56664648,NotFound9,305
8626,,10437688,dpisklov,304
3283,,12384353,davemorrissey,303
3160,,206370,sigram,302
106,,75164823,RongtongJin,302
1525,,117054584,nzomkxia,302
7279,,6325420,xsalefter,302
1966,,83285138,longerian,302
931,,75643096,afohrman,301
1906,,2019791,StevenMassaro,298
2110,,97936938,goldze,298
2742,,20675636,tsdeng,298
7516,,47880207,kantenkugel,297
1175,,481412,Davidiusdadi,297
2365,,2198510,harishreedharan,297
221,,7508411,zsxwing,295
7674,,10262364,chibash,295
803,,16381571,odrotbohm,294
8439,,21019797,yigit,294
5521,,65245890,elihart,293
2531,,4992906,sergeygorbaty,293
664,,14734876,raver119,292
961,,15055717,AndyDiamondstein,291
8610,,84429525,gouthampradhan,291
566,,73614722,CarGuoSmall,291
7765,,22105003,makovkastar,290
1130,,4710876,Trinea,290
3149,,865412,tsuna,289
504,,173335706,lgcareer,289
3484,,68675293,qiankunpingtai,289
8387,,195953922,lihangleo2,289
1213,,6207167,raphw,288
3861,,612587,ndeloof,287
2182,,12414592,arjantijms,287
325,,133134007,jmini,285
2143,,1680733,dblock,283
195,,112785414,mercyblitz,283
2374,,21833183,VishnuSanal,283
1976,,84631679,huanghaibin-dev,282
3161,,206370,siren,282
2423,,23282991,eliranmoyal,282
7080,,66590822,nisrulz,281
8700,,5728045,ragunathjawahar,280
2511,,7170058,DoodleBobBuffPants,280
107,,75164823,zhouxinyu,279
3761,,32972145,doom369,279
3596,,10416648,vanitasvitae,279
283,,5793738,balsarori,278
435,,57461213,Enriath,278
5917,,23206290,nick-someone,278
2250,,206459,martin-g,277
2533,,34533286,florent37,276
1560,,15040596,moxie-signal,276
2363,,2624521,kekcycle,276
1420,,291570,fpapon,275
4145,,223748401,zqburde,275
1561,,15040596,ehrenkret-signal,274
665,,14734876,AlexDBlack,274
7826,,10641697,JoanZapata,274
1695,,1962219,brasmusson,274
8075,,113356740,siderakis,273
3444,,198368711,wushengyeyouya,273
1385,,3116751,DayS,272
2108,,127906883,simenliuxing,272
3162,,206370,jnioche,271
3562,,69027651,Navid200,271
408,,15823460,jackygurui,270
289,,149001365,klever34,270
29,,4710920,beiwei30,270
867,,106310,marcphilipp,269
10799,,14812739,cjihrig,269
278,,919161,matthijskooijman,269
7108,,2158982,jwgmeligmeyling,269
629,,2352744,hdeadman,269
3548,,2675355,4everTheOne,268
2350,,14370620,xuhuisheng,268
3298,,63053305,a466350665,268
989,,89822531,Prosta4okua,267
744,,19753195,openhab-bot,267
7117,,195856796,rtm516,266
2364,,2624521,hiikiim,266
8568,,156776442,wongsyrone,266
7815,,3074850,jlegewie,265
2132,,67328052,gtebrean,264
1148,,76413186,zhi1ong,264
3051,,283325,ceharris,263
660,,27519800,mycatmerger,263
2358,,206378,PascalSchumacher,263
3526,,100753606,bbejeck,262
822,,190964861,gyoogle,262
8508,,124743561,LinShunKang,261
2927,,36793280,RobWin,261
7209,,66164298,romandanylyk,260
8129,,102137661,lazaroclapp,260
2549,,108050,trishagee,259
6992,,17286587,viktorklang,259
2275,,89322848,andyyehoo,258
2611,,747512,stuarthalloway,257
631,,2352744,serac,257
2631,,40786751,hotchemi,255
1101,,3301400,RainWarrior,255
2942,,30562287,dandc87,254
8567,,2899580,MGathier,253
1402,,75882172,aravindanr,253
396,,7010724,ainilife,253
3533,,2752522,bencaradocdavies,252
2276,,89322848,bluesjjw,252
315,,45721011,acurtain,251
6498,,64864962,lomanyong,251
2116,,18712538,douglascraigschmidt,249
108,,75164823,drpmma,247
196,,112785414,flystar32,247
7647,,108965444,charles2gan,247
6617,,9733123,nkzawa,247
7976,,96312832,ziegenberg,247
1195,,49712843,jeasonlzy,246
2977,,21180741,nvg-smile,245
3637,,39555898,jxyowen,244
2137,,889932,fernandezpablo85,244
1043,,32895424,lesv,243
1164,,320785435,solohsu,243
3610,,29703871,jasta,243
3607,,375260798,leechor,243
1353,,221862,Rawi01,243
3701,,2090979,iwein,243
2670,,29946464,jjhesk,242
8327,,56787441,Dimezis,242
3972,,65755485,jenkins-infra-bot,241
998,,13404515,nitincchauhan,241
7750,,200004447,xleiy,240
866,,501687,KvanTTT,240
594,,14135470,kishorvpatil,239
2442,,10113030,broady,239
3563,,69027651,kskandis,239
1330,,76474200,xushiyan,238
4160,,9221361,ingorichtsmeier,237
2922,,27764811,rey5137,237
1985,,167204613,imhao183,237
7909,,92832589,dsandler,236
1547,,108258950,rishabh115,235
1438,,10410764,tokudu,235
6663,,277485800,smchedlidze826,234
3998,,151732794,ows-ali,234
2071,,65120941,yamgent,233
1165,,320785435,vvb2060,233
595,,14135470,Parth-Brahmbhatt,232
1860,,197599333,2227324689,232
832,,23112526,android10,232
1481,,96704265,amitshekhariitbhu,232
586,,217943361,AmyliaY,232
2144,,1680733,atgreen,231
8336,,146285827,danielkec,231
1491,,618492,busbey,231
8138,,43406976,MateusAndrade,231
7379,,34685800,simschla,231
7058,,24217298,mbaillif,231
1044,,32895424,averikitsch,230
4146,,223748401,htyredc,230
2971,,107932176,cer,230
804,,16381571,mp911de,229
6227,,24650339,cco3,229
1094,,41667394,kevin-wayne,227
6228,,24650339,matthewsibigtroth,227
3608,,375260798,gaoyan1998,227
7910,,92832589,amirzaidi,226
1662,,4787136,halatmit,225
2480,,3688678,emilsjolander,224
290,,149001365,github-actions[bot],224
1102,,3301400,tterrag1098,223
3163,,206370,chrismattmann,223
8434,,24747351,trespasserw,222
2303,,1450115,rlubke,221
2686,,143175496,ZacSharp,221
8310,,63081349,asturio,220
1244,,56829582,youth5201314,220
7810,,323996203,Syer10,220
7445,,99658622,dunwu,220
745,,19753195,J-N-K,220
119,,20300177,Bezier89,220
7892,,54115435,aurelhubert,220
6287,,17517521,lbalmaceda,220
10801,,91493088,ValdikSS,219
1048,,32848140,anthonycorbacho,219
10689,,156018,yossigo,218
1249,,65681319,jagrosh,218
344,,33082868,sqshq,218
8044,,78223894,metaprime,218
1277,,14514251,TheBlueMatt,217
2696,,2544305,Mahoney,217
1670,,47997753,Dallas62,217
5872,,4470435,agudian,217
3154,,8347864,vinc3m1,217
139,,53127403,yiming187,216
7961,,172680589,WebDucerBlog,216
2769,,5244445,orionlee,215
8583,,46648544,shekhargulati,215
2617,,57261362,ohun,215
75,,81975372,fatosmorina,214
7762,,453313251,HdShare,214
693,,31533997,massimocarli,213
1960,,537800,ryantenney,212
731,,25062303,brettchabot,212
7911,,92832589,cwren,212
2133,,67328052,snazha-blkio,211
10792,,394318710,Amrsatrio,210
5078,,16446099,mindmonk,209
7137,,14640193,E3V3A,209
549,,32538871,joel-leitch,208
8401,,5797013,detonator413,208
7118,,195856796,onebeastchris,208
1403,,75882172,v1r3n,208
30,,4710920,CrazyHZM,208
1717,,45106382,wyouflf,207
618,,5901900,Palmr,207
1784,,10981994,velo,207
90,,72907253,ityouknow,206
7717,,5722043,moh-sushi,205
2109,,127906883,yanghuaiGit,205
7763,,453313251,klxiaoniu,205
376,,332357698,owen118z,205
655,,715605,marcosnils,205
3609,,375260798,zackyoungh,205
7059,,24217298,R3dst0ne,204
6664,,277485800,VolodymyrBushko,204
10749,,102578345,dangowrt,204
7948,,71317676,lygttpod,203
668,,500437,macdonst,203
3527,,100753606,vvcephei,203
2072,,65120941,pyokagan,202
1156,,8247368,simonetripodi,202
189,,2700159,lizongbo,202
2006,,99412308,EricJoy2048,202
8108,,43158694,nwangtw,201
2978,,21180741,dmuylwyk,201
1358,,8759133,artgon,201
2366,,2198510,mpercy,201
8260,,1161862,ldaley,200
779,,2349728,fadils,200
2277,,89322848,leleyu,200
7639,,381857226,daviwil,199
7119,,195856796,AJ-Ferguson,198
5693,,204164353,MilosPaunovic,198
1331,,76474200,codope,198
2678,,118497841,mpeddada1,197
8456,,177373545,qwq233,197
2914,,9749905,mohsinh,197
10767,,20159867,rygorous,197
3445,,198368711,binbinCheng,197
8602,,37791069,actor-bot,197
3805,,68240213,daminisatya,197
1199,,2183338,artembilan,196
8685,,55607504,yogevbd,196
575,,9623064,sutra,196
7001,,46251204,jrhee17,196
839,,73963835,ryanjbaxter,195
857,,2993595,medcl,195
694,,31533997,tyronen,195
2007,,99412308,hailin0,194
7434,,155987329,yasinshaw,193
2278,,89322848,ouyangwen-it,193
2687,,143175496,wagyourtail,193
6946,,25237608,andkulikov,192
8012,,82968973,bret-fears,192
1045,,32895424,release-please[bot],191
2660,,312830970,lawrencehj,190
515,,482520194,Birdulon,189
695,,31533997,kirwan,189
8342,,102183526,KingJA,188
316,,267775629,geekxh,188
4918,,156317154,steveluo,188
222,,7508411,DavidMGross,187
8198,,575253452,PlexPt,187
868,,106310,stefanbirkner,187
8464,,32675488,sixcooler,187
4033,,259598970,algorithmzuo,186
2138,,889932,s-gromov,186
3470,,54263833,Nightonke,186
896,,144705602,jtsky,185
3921,,25965034,rengwuxian,185
1103,,3301400,mezz,185
3479,,224230574,Haarolean,185
8184,,116309308,wmorland,184
3895,,1215215,EvilSeph,184
1049,,32848140,Reamer,184
2145,,1680733,bhamail,184
8133,,342909700,Juby210,184
1058,,166181797,lynxzhang,184
1359,,8759133,sullis,183
1567,,222578036,WeiYe-Jing,183
1229,,58334684,zouzg,183
3305,,45903621,smaldini,183
3355,,42032884,nicolas-raoul,182
551,,32538871,Marcono1234,181
3959,,283211901,Resshi,181
3250,,175650201,soloPi,180
8350,,268810077,coderbruis,180
597,,2108481,jgrandja,180
3820,,887840,steven676,180
3729,,227686161,geheur,180
7712,,59032201,timhutton,180
2555,,83398100,jiawulu,180
2928,,36793280,storozhukBM,180
2316,,11079679,kai-morich,179
3960,,283211901,foreveryoungforty,179
8756,,88962042,hankem,179
2821,,29293002,ArthurHub,179
7214,,165767349,tianshiyeben,178
7042,,268006778,tommynok,178
8425,,51078408,uKL,178
2013,,100084330,terrfly,177
7811,,323996203,schroda,177
1059,,166181797,jianfma,176
2382,,131732782,h2pl,176
3864,,19020770,liyiorg,175
1050,,32848140,prabhjyotsingh,175
1830,,282994686,leonardBang,175
8002,,614910322,zongzibinbin,174
4135,,36450840,bingoogolapple,173
2950,,1773754,necrodoom,173
5079,,16446099,JaniruTEC,173
2512,,7170058,juliahayward,172
870,,106310,kcooney,172
1515,,2003641,webron,172
2957,,43370610,tbruyelle,172
869,,106310,dsaff,172
908,,22254856,SteKoe,171
7610,,212488700,HamidShojanazeri,171
5933,,37844001,zkitefly,170
1200,,2183338,garyrussell,170
6754,,109910389,huangyanbin,170
3619,,20652074,xcltapestry,169
3324,,19836746,manishk3189,169
924,,5279091,cgruber,169
7965,,273891882,leshalv,168
7321,,426287111,XiaoQiongBao,167
3579,,85048779,pymBupt,167
3806,,68240213,sudheesh001,167
1120,,26568234,liaohuqiu,167
7076,,237553513,IMS212,167
3270,,10230369,gk5885,166
2251,,206459,thiru-mg,165
8552,,1370858,oskopek,165
3003,,22356791,ysc,165
7993,,445585860,KamToHung,165
7708,,218396611,lanking520,164
1224,,41482296,cmzy,164
509,,11772159,gregturn,162
747,,927454,majek,162
1448,,6072443,wasabeef,162
7839,,39436964,zzhoujay,161
7381,,34685800,fvgh,161
135,,116237823,lenve,161
8158,,76177416,lukas-krecan-lt,160
8110,,43158694,huijunw,160
100,,207587413,devopstrainingblr,160
6360,,82405191,dedepete,159
1865,,233156210,yuanguangxin,159
1475,,36817565,ricekot,159
8111,,43158694,objmagic,159
7060,,24217298,maehne,158
6236,,16389681,j2objc-copybara,158
3325,,19836746,eri9000,158
669,,500437,shazron,158
3446,,198368711,yangzhiyue,157
2089,,12983151,9037568,157
8224,,43876166,dingjikerbo,156
3207,,43243303,zxcpoiu,156
2951,,1773754,Iaccidentally,156
1625,,37090875,marcshilling,156
2166,,2404027,nathanmarz,156
7611,,212488700,dhaniram-kshirsagar,156
7912,,92832589,pdubroy,155
4960,,231921809,sattvikc,155
3807,,68240213,mariobehling,155
3520,,19257422,bziobrowski,155
4115,,14758329,castorflex,154
7047,,7296244,httpdigest,154
772,,33218414,sibelius,154
190,,2700159,yakolee,154
2162,,20275545,java-team-github-bot,154
174,,163387337,funky-eyes,154
2495,,40157995,crazycodeboy,153
2461,,93732702,jiongxuan,153
1269,,112717963,tiann,153
3120,,127727728,HzjNeverStop,152
2387,,99183902,oldmanpushcart,152
3480,,224230574,workshur,152
2264,,98978879,vasdeveloper,152
436,,22043847,mission-peace,152
4169,,188779637,Al-assad,152
1952,,137013952,Antecer,152
88,,137451403,loadchange,152
3214,,66323960,Jasonchenlijian,152
1029,,216236917,bjmashibing,152
2862,,220875250,x201206030,151
307,,2700474,VictorZeng,151
3052,,283325,tony19,150
1671,,47997753,zo0r,150
6720,,304483342,zfdang,150
7640,,381857226,bterlson,149
3035,,313605398,DerekYRC,149
2802,,3038937,JooHyukKim,149
6826,,67013973,rubensousa,148
10800,,14812739,vtjnash,148
1622,,31272860,tsegismont,148
4140,,20473418,chrajeshbabu,148
849,,42304749,TeslaCN,148
6244,,98499283,jumanji144,148
10732,,10446890,raymond1012,148
8048,,101451042,harshad1,148
7369,,178835117,LoxiaLiSA,147
6143,,14696091,LikeTheSalad,147
4141,,20473418,ankitsinghal,147
1890,,161292091,txfelixzhou,147
6361,,82405191,yakov116,147
1378,,4368712,shamoh,146
5212,,1051476,The-Lum,146
1778,,3081071,yasserg,146
3345,,33745913,stumc,146
197,,112785414,steverao,146
3622,,26921116,kklioss,146
2100,,5374914,ritchieGitHub,146
52,,1064563,chrisvest,146
7429,,84934979,hedex,145
257,,160999,breed,145
1916,,38835213,puf,145
1591,,142248324,shashirajraja,145
59,,160640094,MisterBooo,145
773,,33218414,lwansbrough,144
1623,,31272860,pmlopes,144
1953,,137013952,atbest,144
8320,,10746583,gssiyankai,144
7702,,59838788,qameta-ci,144
2225,,499502914,ashokitschool,144
8779,,35957057,oblador,143
2308,,6271421,juhoautio,143
1360,,8759133,argha-c,143
774,,33218414,semantic-release-bot,143
912,,84916374,StyleTang,142
8539,,23913470,hiteshsondhi88,142
44,,63477660,realDuYuanChao,142
7090,,1852481,codingricky,142
3118,,5663857,awhitford,142
3854,,77463128,sunlightcs,142
670,,500437,devgeeks,142
3424,,128709824,leizhiyuan,142
4075,,3548254,xedin,142
8321,,10746583,richardstartin,141
2101,,5374914,psh,141
3926,,131969658,WinterChenS,141
156,,126178683,LIlGG,141
6917,,80640282,deining,141
552,,45842737,inorichi,141
3730,,227686161,Zoinkwiz,141
890,,16005410,hdodenhof,141
3539,,173721564,fengjiachun,141
775,,33218414,jgfidelis,140
1354,,221862,janrieke,140
8185,,116309308,holachuy,140
601,,17804584,winterbe,140
3808,,68240213,rmader,140
4109,,30561160,timbertson,140
1201,,2183338,ghillert,139
2309,,6271421,burgerkingeater,139
456,,2493904,FSchumacher,139
6015,,79372587,GrenderG,139
8251,,94760798,WVector,139
1194,,98596001,Exrick,139
198,,112785414,yuhuangbin,138
1389,,21193524,joshelser,138
1390,,21193524,zabetak,138
661,,27519800,apachemycat,138
1779,,3081071,s17t,138
2532,,4992906,pmd-bot,137
8435,,24747351,gorrus,137
6557,,166435804,MlgmXyysd,137
3521,,19257422,jerrinot,137
1166,,320785435,kotori2,137
1346,,32844456,emmanue1,136
3241,,94839689,alidili,136
7138,,14640193,xLaMbChOpSx,136
666,,14734876,quickwritereader,136
1167,,320785435,Howard20181,136
5935,,343535217,Dr-TSNG,136
2348,,3480666,boldtrn,135
2689,,17150993,dm77,135
529,,38415498,asaph,135
2583,,24219409,chalup,135
8098,,334907976,ByteLegendBot,135
23,,22790488,npathai,134
2310,,6271421,HappyRay,134
6918,,80640282,NewbieOrange,134
1702,,1824050,aogilvie,134
6288,,17517521,jimmyjames,133
7095,,23823503,kyleduo,133
201,,131789494,wuyouzhuguli,133
1003,,140543886,dengliming,133
2697,,2544305,leeturner,133
10733,,10446890,xinzhengzhang,132
3961,,283211901,mapi68,132
917,,120463532,oldratlee,132
8065,,80711156,bevzaanton,132
1012,,62722814,247321453,131
2014,,100084330,jeequan,131
3584,,32631353,Clans,131
671,,500437,RandyMcMillan,130
1366,,286348908,arey,130
10761,,24586308,cfenollosa,130
3307,,21490963,pedrovgs,130
3476,,1983092,jencompgeek,130
2216,,1287669,jochenberger,129
3316,,930571,elguardian,129
10750,,102578345,aakkll,129
813,,594155488,Ludy87,129
3878,,42115933,jfoenixadmin,129
89,,137451403,yanlinly,128
3975,,65755485,NotMyFault,128
402,,117965972,TrafalgarLuo,128
1776,,54619450,aa112901,128
1786,,10981994,kdavisk6,128
3196,,17359057,cammckenzie,127
45,,63477660,alxkm,127
2462,,93732702,cundong,127
7952,,5391743,stephanenicolas,127
662,,27519800,HashJang,127
3009,,87780098,aritraroy,126
7120,,165214494,pilloPl,126
2733,,71557631,youlookwhat,125
1772,,81226206,joelpramos,125
656,,715605,xetorthio,125
3731,,227686161,TheStonedTurtle,125
10741,,727213319,lizongying,125
582,,1388245,loopj,125
5659,,42984727,ChrisRM,124
3726,,208991054,huanzi-qch,124
8134,,342909700,Vendicated,123
6362,,82405191,JediBurrell,123
8261,,1161862,Vampire,123
7751,,200004447,wikiwikiwiki,123
1379,,4368712,mmatula,123
8573,,600362783,Grt1228,123
1663,,4787136,karuto,123
4147,,44723874,jiangqqlmj,122
2645,,4516733,bauerca,122
818,,67481986,shwenzhang,122
266,,81057842,JeffLi1993,122
911,,73034122,527515025,122
10768,,20159867,BSVino,122
10738,,5101141,dtolnay,122
4076,,3548254,spmallette,122
3216,,2553402,rakeshcusat,122
7709,,218396611,xyang16,122
902,,4576305,codefromthecrypt,121
2636,,26450553,frogermcs,121
2444,,10113030,minicat,121
76,,81975372,kdn251,121
4154,,76325615,KenChoi1992,121
3568,,4931659,coryb,121
3293,,17170044,brian-brazil,121
3218,,156819424,javastacks,121
903,,4576305,anuraaga,120
8515,,17089728,Zillode,120
1073,,6106472,survivingwithandroid,120
962,,15055717,jeffposnick,120
3098,,246464565,WesleyVanNeck,120
3896,,1215215,Wolvereness,119
4177,,5103785,baranowb,119
3569,,4931659,justinsb,119
1051,,47442228,changmingxie,119
3294,,17170044,dhoard,119
53,,1064563,netty-project-bot,118
2876,,14424284,leolin310148,118
8383,,397334149,iTaysonLab,118
6408,,48289337,hanks-zyh,118
1422,,291570,bmarwell,118
1404,,75882172,kishorebanala,118
2134,,67328052,NickSneo,117
2252,,206459,iemejia,117
1405,,75882172,manan164,117
6847,,131404910,DingMouRen,116
8055,,482425877,kraity,116
3642,,49820627,WoLewicki,116
3326,,19836746,Rachael-E,115
6583,,67920599,xiphirx,115
2236,,50372538,JimTravis,115
6229,,24650339,mmocny,114
3639,,39555898,atptro,114
4046,,49804293,markzhai,114
3125,,251635186,DeekshithSN,114
2513,,7170058,MikielAgutu,114
7285,,172617835,CoffeeLatte007,114
7563,,62611784,ChadCSong,114
1004,,140543886,moremind,113
7764,,453313251,NextAlone,112
3570,,4931659,ebukoski,112
1380,,4368712,mgajdos,112
10739,,5101141,itchyny,112
3331,,295598569,TheoKanning,112
46,,63477660,vil02,112
598,,2108481,stoicflame,112
5213,,1051476,matthew16550,112
904,,4576305,tacigar,112
3208,,43243303,oney,112
2619,,186777581,water8394,112
954,,34364279,arriolac,111
2544,,1872106,rafabene,111
4178,,5103785,carterkozak,110
8186,,116309308,pablomd314,110
2076,,113922675,devlinbd2,110
3119,,5663857,dwvisser,109
8488,,72753876,woxingxiao,109
2429,,4238977,MaksimOrlov,109
1104,,23301468,daimajia,109
1060,,166181797,harperhpliu,108
2679,,14046563,jamie-beardedhen,108
942,,206877845,grcoleman,108
697,,5198041,NiteshKant,108
6535,,13486910,willbailey,107
8187,,150938406,shaomengwang,107
3306,,45903621,OlegDokuka,107
2437,,28738447,LauraXia123,107
622,,5084750,Jawnnypoo,106
1540,,49068243,shliama,106
8161,,37904620,dongjunkun,106
8416,,11233996,augustotravillio,106
3653,,38602457,felipe-gdr-atlassian,106
2388,,99183902,dongchenxu,106
334,,11267509,glide-copybara-robot,106
2777,,45096760,andreaswittig,106
4059,,745749,nullin,105
7262,,869754,dlsniper,105
8738,,79700448,ChenSiLiang,104
7085,,9476938,ronmamo,104
7139,,14640193,tobykurien,103
8278,,75118280,digitalbuddha,103
579,,709589487,ashishps1,103
8056,,482425877,yanxutao89,103
2135,,67328052,antonydenyer,103
7215,,59350368,SplashCodes,102
2745,,20675636,gszadovszky,102
6230,,24650339,schilit,102
6231,,24650339,dinhvh,102
6312,,304681297,CoderLeixiaoshuai,102
6332,,83851056,yarolegovich,102
7889,,148008538,JavaNoober,102
3688,,6084210,Thinkofname,102
3347,,247659028,Echo009,101
1624,,31272860,purplefox,101
3167,,195184058,OPGithub,101
7649,,232232349,houbb,101
191,,2700159,lihengming,101
7799,,72979537,Piasy,101
1234,,35978156,samtstern,100
1664,,4787136,josmas,100
4190,,17488986,neilboyd,100
2838,,7396792,yusugomori,100
2202,,106187093,saysky,100
